,,,,,,,,,
,Loop Benchmark,"i7-3610QM
4th Gen (Ivy Bridge)
Arquitetura Sandy Bridge","i7-6500U
6th Gen (Skylake)
Arquitetura Skylake","i7-8550U
8th Gen(Kaby Lake Refresh)
Arquitetura Skylake",,Many Memory Accesses Bench,"i7-3610QM
4th Gen (Ivy Bridge)
Arquitetura Sandy Bridge","i7-6500U
6th Gen (Skylake)
Arquitetura Skylake","i7-8550U
8th Gen(Kaby Lake Refresh)
Arquitetura Skylake"
,Loop Benchmark,,,,,,,,
,Loop Benchmark,,,,,,,,
,Cycles,768M ± 6M,686M ± 4M,685M ± 4M,,Cycles,3730M ± 20M,2900M ± 7M,4069M ± 5M
,Instructions,397M ± 2M,402M ± 2M,401M ± 2M,,Instructions,3809M ± 9M,3837M ± 7M,4890M ± 30M
,CPI,1.935 ± 0.005,1.706 ± 0.001,1.708 ± 0.001,,CPI,0.979 ± 0.003,0.7558 ± 0.0004,0.832 ± 0.004
,IPC,0.517 ± 0.001,0.5860 ± 0.0005,0.5854 ± 0.0005,,IPC,1.021 ± 0.003,1.3231 ± 0.0008,1.202 ± 0.006
,Branches,97800k ± 200k,99800k ± 300k,100000k ± 800k,,Branches,100700k ± 300k,106500k ± 200k,268M ± 7M
,Branch Misses,16700 ± 700,13200 ± 400,12000 ± 500,,Branch Misses,8500 ± 200,41k ± 2k,660k ± 30k
,L1 dCache Load,304M ± 1M,297000k ± 800k,298M ± 3M,,L1 dCache Load,2318M ± 8M,2300M ± 4M,2609M ± 4M
,L1 dCache Load Misses,8k ± 2k,10k ± 3k,8k ± 2k,,L1 dCache Load Misses,650k ± 70k,51200k ± 100k,28900k ± 300k
,,,,,,,,,
,Lots of Computation Bench,"i7-3610QM
4th Gen (Ivy Bridge)
Arquitetura Sandy Bridge","i7-6500U
6th Gen (Skylake)
Arquitetura Skylake","i7-8550U
8th Gen(Kaby Lake Refresh)
Arquitetura Skylake",,Same Variable Benchmark,"i7-3610QM
4th Gen (Ivy Bridge)
Arquitetura Sandy Bridge","i7-6500U
6th Gen (Skylake)
Arquitetura Skylake","i7-8550U
8th Gen(Kaby Lake Refresh)
Arquitetura Skylake"
,,,,,,,,,
,,,,,,,,,
,Cycles,7130M ± 10M,7040M ± 20M,7010M ± 20M,,Cycles,8497M ± 5M,7900M ± 10M,7890M ± 9M
,Instructions,9680M ± 10M,9630M ± 10M,9539M ± 9M,,Instructions,3196M ± 2M,3206M ± 3M,3203M ± 2M
,CPI,0.7366 ± 0.0003,0.731 ± 0.001,0.735 ± 0.001,,CPI,2.6586 ± 0.0001,2.4641 ± 0.0008,2.463 ± 0.001
,IPC,1.3576 ± 0.0005,1.368 ± 0.002,1.361 ± 0.003,,IPC,0.37613 ± 1e-05,0.4058 ± 0.0001,0.4060 ± 0.0002
,Branches,1824M ± 3M,1827M ± 2M,1828000k ± 1000k,,Branches,99870k ± 60k,100800k ± 100k,100700k ± 100k
,Branch Misses,132000k ± 400k,134800k ± 200k,136200k ± 100k,,Branch Misses,4000 ± 100,38k ± 4k,31k ± 4k
,L1 dCache Load,1302M ± 2M,1301M ± 2M,1300000k ± 1000k,,L1 dCache Load,1702000k ± 800k,1699M ± 2M,1699M ± 2M
,L1 dCache Load Misses,15k ± 8k,67k ± 8k,39k ± 7k,,L1 dCache Load Misses,4000 ± 1000,70k ± 20k,70k ± 20k
